{
  "N": 10,
  "a0": 0.03973423003392341,
  "ak": {
    "1": 0.3271419258404652,
    "2": 0.08077798407484156,
    "3": 0.3381503195390212,
    "4": 0.08497897146534451,
    "5": 0.3625500898681152,
    "6": 0.09304378758144392,
    "7": 0.40655333292699103,
    "8": 0.10730024819527006,
    "9": 0.48504798302166624,
    "10": 0.1336244099104391
  },
  "bk": {
    "1": 0.010285559404790694,
    "2": -0.020825355018171572,
    "3": 0.03189501079088134,
    "4": -0.043816819218294785,
    "5": 0.05699407235758371,
    "6": -0.07196278822097714,
    "7": 0.08947612980546478,
    "8": -0.11065219002133533,
    "9": 0.1372520312238437,
    "10": -0.17224833652103672
  },
  "relative_error_L2": 0.9772844311932959
}